url,label,id,domain_digit_count,subdomain_digit_count,path_digit_count,domain_length,subdomain_length,path_length,isKnownTld,www,com,punnyCode,random_domain,subDomainCount,char_repeat,alexa1m_tld,alexa1m,-,.,/,@,?,&,=,_,domain_in_brand_list,raw_word_count,splitted_word_count,average_word_length,longest_word_length,shortest_word_length,std_word_length,compound_word_count,keyword_count,brand_name_count,negligible_word_count,target_brand_count,target_keyword_count,similar_keyword_count,similar_brand_count,average_compound_words,random_words
https://tinyurl.com/23x347a4,1,0,0,0,6,7,0,9,1,0,0,0,0,1,0,0,0,0,0,1,0,0,0,0,0,0,2,2,4.5,7,2,2.5,1,0,0,2,1,0,0,1,7.0,0
https://tinyurl.com/264axhus,1,1,0,0,3,7,0,9,1,0,0,0,0,1,0,0,0,0,0,1,0,0,0,0,0,0,2,2,6.0,7,5,1.0,1,0,0,2,0,0,0,0,7.0,1
https://tinyurl.com/2crgshqy,1,2,0,0,1,7,0,9,1,0,0,0,0,1,0,0,0,0,0,1,0,0,0,0,0,0,2,2,7.0,7,7,0.0,1,0,0,2,0,0,0,0,7.0,1
https://tinyurl.com/2bzgf5dh,1,3,0,0,2,7,0,9,1,0,0,0,0,1,0,0,0,0,0,1,0,0,0,0,0,0,2,2,6.5,7,6,0.5,1,0,0,2,0,0,0,0,7.0,1
https://tinyurl.com/2ymmoj6y,1,4,0,0,2,7,0,9,1,0,0,0,0,1,1,0,0,0,0,1,0,0,0,0,0,0,2,2,6.5,7,6,0.5,1,0,0,2,0,0,0,0,7.0,1
https://tinyurl.com/2449chb6,1,5,0,0,5,7,0,9,1,0,0,0,0,1,1,0,0,0,0,1,0,0,0,0,0,0,1,2,7.0,7,7,0.0,1,0,0,2,0,0,0,0,7.0,0
https://tinyurl.com/2blgg3uu,1,6,0,0,2,7,0,9,1,0,0,0,0,1,2,0,0,0,0,1,0,0,0,0,0,0,2,2,6.5,7,6,0.5,1,0,0,2,0,0,0,0,7.0,1
https://tinyurl.com/22sn4xy5,1,7,0,0,4,7,0,9,1,0,0,0,0,1,1,0,0,0,0,1,0,0,0,0,0,0,2,2,5.5,7,4,1.5,1,0,0,2,0,0,0,0,7.0,1
https://tinyurl.com/23qzn8f2,1,8,0,0,4,7,0,9,1,0,0,0,0,1,0,0,0,0,0,1,0,0,0,0,0,0,2,2,5.5,7,4,1.5,1,0,0,2,0,0,0,0,7.0,1
https://tinyurl.com/2cr2nmnz,1,9,0,0,2,7,0,9,1,0,0,0,0,1,0,0,0,0,0,1,0,0,0,0,0,0,2,2,6.5,7,6,0.5,1,0,0,2,0,0,0,0,7.0,1
https://tinyurl.com/2b8l2jmc,1,10,0,0,3,7,0,9,1,0,0,0,0,1,0,0,0,0,0,1,0,0,0,0,0,0,2,2,6.0,7,5,1.0,1,0,0,2,0,0,0,0,7.0,1
https://tinyurl.com/28rmlukv,1,11,0,0,2,7,0,9,1,0,0,0,0,1,0,0,0,0,0,1,0,0,0,0,0,0,2,2,6.5,7,6,0.5,1,0,0,2,0,0,0,0,7.0,1
https://tinyurl.com/8UUHALV,1,12,0,0,1,7,0,8,1,0,0,0,0,1,1,0,0,0,0,1,0,0,0,0,0,0,2,2,6.5,7,6,0.5,1,0,0,2,0,0,0,0,7.0,1
https://tinyurl.com/2xjy5roj,1,13,0,0,2,7,0,9,1,0,0,0,0,1,0,0,0,0,0,1,0,0,0,0,0,0,2,2,6.5,7,6,0.5,1,0,0,2,0,0,0,0,7.0,1
https://tinyurl.com/24dummy3,1,14,0,0,3,7,0,9,1,0,0,0,0,1,1,0,0,0,0,1,0,0,0,0,0,0,2,2,6.0,7,5,1.0,1,0,0,3,0,0,0,0,7.0,0
https://tinyurl.com/p2voxup,1,15,0,0,1,7,0,8,1,0,0,0,0,1,0,0,0,0,0,1,0,0,0,0,0,0,2,2,6.5,7,6,0.5,1,0,0,2,0,0,0,0,7.0,1
https://tinyurl.com/23zkwh23,1,16,0,0,4,7,0,9,1,0,0,0,0,1,0,0,0,0,0,1,0,0,0,0,0,0,2,2,5.5,7,4,1.5,1,0,0,2,0,0,0,0,7.0,1
https://tinyurl.com/23gud3p5,1,17,0,0,4,7,0,9,1,0,0,0,0,1,0,0,0,0,0,1,0,0,0,0,0,0,2,2,5.5,7,4,1.5,1,0,0,2,0,0,0,0,7.0,1
https://tinyurl.com/2bunldzb,1,18,0,0,1,7,0,9,1,0,0,0,0,1,0,0,0,0,0,1,0,0,0,0,0,0,2,2,7.0,7,7,0.0,1,0,0,2,0,0,0,0,7.0,1
https://tinyurl.com/2cqegdjr,1,19,0,0,1,7,0,9,1,0,0,0,0,1,0,0,0,0,0,1,0,0,0,0,0,0,2,2,7.0,7,7,0.0,1,0,0,2,0,0,0,0,7.0,1
https://tinyurl.com/2a4wgs7u,1,20,0,0,3,7,0,9,1,0,0,0,0,1,0,0,0,0,0,1,0,0,0,0,0,0,2,2,6.0,7,5,1.0,1,0,0,2,0,0,0,0,7.0,1
https://tinyurl.com/2xtos3kn,1,21,0,0,2,7,0,9,1,0,0,0,0,1,0,0,0,0,0,1,0,0,0,0,0,0,2,2,6.5,7,6,0.5,1,0,0,3,0,0,0,0,7.0,0
https://tinyurl.com/27dvl6e3,1,22,0,0,4,7,0,9,1,0,0,0,0,1,0,0,0,0,0,1,0,0,0,0,0,0,2,2,5.5,7,4,1.5,1,0,0,2,0,0,0,0,7.0,1
https://tinyurl.com/25shx3cu,1,23,0,0,3,7,0,9,1,0,0,0,0,1,0,0,0,0,0,1,0,0,0,0,0,0,2,2,6.0,7,5,1.0,1,0,0,2,0,0,0,0,7.0,1
https://tinyurl.com/2cf9m9l7,1,24,0,0,4,7,0,9,1,0,0,0,0,1,0,0,0,0,0,1,0,0,0,0,0,0,2,2,5.5,7,4,1.5,1,0,0,2,0,0,0,0,7.0,1
https://tinyurl.com/225p8gx7,1,25,0,0,5,7,0,9,1,0,0,0,0,1,1,0,0,0,0,1,0,0,0,0,0,0,1,2,7.0,7,7,0.0,1,0,0,2,0,0,0,0,7.0,0
https://tinyurl.com/D0kLCAv,1,26,0,0,1,7,0,8,1,0,0,0,0,1,0,0,0,0,0,1,0,0,0,0,0,0,2,2,6.5,7,6,0.5,1,0,0,2,0,0,0,0,7.0,1
https://tinyurl.com/2b8uqzbn,1,27,0,0,2,7,0,9,1,0,0,0,0,1,0,0,0,0,0,1,0,0,0,0,0,0,2,2,6.5,7,6,0.5,1,0,0,2,0,0,0,0,7.0,1
https://tinyurl.com/29akovyw,1,28,0,0,2,7,0,9,1,0,0,0,0,1,0,0,0,0,0,1,0,0,0,0,0,0,2,2,6.5,7,6,0.5,1,0,0,2,0,0,0,0,7.0,1
https://tinyurl.com/29pktnmv,1,29,0,0,2,7,0,9,1,0,0,0,0,1,0,0,0,0,0,1,0,0,0,0,0,0,2,2,6.5,7,6,0.5,1,0,0,2,0,0,0,0,7.0,1
https://tinyurl.com/klheovw,1,30,0,0,0,7,0,8,1,0,0,0,0,1,0,0,0,0,0,1,0,0,0,0,0,0,2,2,7.0,7,7,0.0,1,0,0,2,0,0,0,0,7.0,1
https://tinyurl.com/2afprlp4,1,31,0,0,2,7,0,9,1,0,0,0,0,1,0,0,0,0,0,1,0,0,0,0,0,0,2,2,6.5,7,6,0.5,1,0,0,2,0,0,0,0,7.0,1
https://tinyurl.com/K8lDaRO,1,32,0,0,1,7,0,8,1,0,0,0,0,1,0,0,0,0,0,1,0,0,0,0,0,0,2,2,6.5,7,6,0.5,1,0,0,3,0,0,0,0,7.0,0
https://tinyurl.com/22ekuf68,1,33,0,0,4,7,0,9,1,0,0,0,0,1,1,0,0,0,0,1,0,0,0,0,0,0,2,2,5.5,7,4,1.5,1,0,0,2,0,0,0,0,7.0,1
https://tinyurl.com/2d4xoq2q,1,34,0,0,3,7,0,9,1,0,0,0,0,1,0,0,0,0,0,1,0,0,0,0,0,0,2,2,6.0,7,5,1.0,1,0,0,2,0,0,0,0,7.0,1
https://tinyurl.com/2yru5anv,1,35,0,0,2,7,0,9,1,0,0,0,0,1,0,0,0,0,0,1,0,0,0,0,0,0,2,2,6.5,7,6,0.5,1,0,0,3,0,0,0,0,7.0,0
https://tinyurl.com/FromzSg,1,36,0,0,0,7,0,8,1,0,0,0,0,1,0,0,0,0,0,1,0,0,0,0,0,0,2,2,7.0,7,7,0.0,1,0,0,2,0,0,0,0,7.0,1
https://tinyurl.com/9mKgZkT,1,37,0,0,1,7,0,8,1,0,0,0,0,1,0,0,0,0,0,1,0,0,0,0,0,0,2,2,6.5,7,6,0.5,1,0,0,2,0,0,0,0,7.0,1
https://tinyurl.com/25x2t2xp,1,38,0,0,4,7,0,9,1,0,0,0,0,1,0,0,0,0,0,1,0,0,0,0,0,0,2,2,5.5,7,4,1.5,1,0,0,2,0,0,0,0,7.0,1
https://tinyurl.com/2yqknpgg,1,39,0,0,1,7,0,9,1,0,0,0,0,1,1,0,0,0,0,1,0,0,0,0,0,0,2,2,7.0,7,7,0.0,1,0,0,2,0,0,0,0,7.0,1
https://tinyurl.com/25scj6wp,1,40,0,0,3,7,0,9,1,0,0,0,0,1,0,0,0,0,0,1,0,0,0,0,0,0,2,2,6.0,7,5,1.0,1,0,0,2,0,0,0,0,7.0,1
https://tinyurl.com/24ycx3et,1,41,0,0,3,7,0,9,1,0,0,0,0,1,0,0,0,0,0,1,0,0,0,0,0,0,2,2,6.0,7,5,1.0,1,0,0,2,0,0,0,0,7.0,1
https://tinyurl.com/248hvs7x,1,42,0,0,4,7,0,9,1,0,0,0,0,1,0,0,0,0,0,1,0,0,0,0,0,0,2,2,5.5,7,4,1.5,1,0,0,2,0,0,0,0,7.0,1
https://tinyurl.com/23hho6ws,1,43,0,0,3,7,0,9,1,0,0,0,0,1,1,0,0,0,0,1,0,0,0,0,0,0,2,2,6.0,7,5,1.0,1,0,0,2,0,0,0,0,7.0,1
https://tinyurl.com/293xlb7c,1,44,0,0,4,7,0,9,1,0,0,0,0,1,0,0,0,0,0,1,0,0,0,0,0,0,2,2,5.5,7,4,1.5,1,0,0,2,0,0,0,0,7.0,1
https://tinyurl.com/246rceu2,1,45,0,0,4,7,0,9,1,0,0,0,0,1,0,0,0,0,0,1,0,0,0,0,0,0,2,2,5.5,7,4,1.5,1,0,0,3,0,0,0,0,7.0,0
https://tinyurl.com/2yxc75cq,1,46,0,0,3,7,0,9,1,0,0,0,0,1,0,0,0,0,0,1,0,0,0,0,0,0,2,2,6.0,7,5,1.0,1,0,0,2,0,0,0,0,7.0,1
https://tinyurl.com/2yh2vban,1,47,0,0,2,7,0,9,1,0,0,0,0,1,0,0,0,0,0,1,0,0,0,0,0,0,2,2,6.5,7,6,0.5,1,0,0,2,0,0,0,0,7.0,1
https://tinyurl.com/gkQ267G,1,48,0,0,3,7,0,8,1,0,0,0,0,1,0,0,0,0,0,1,0,0,0,0,0,0,2,2,5.5,7,4,1.5,1,0,0,2,0,0,0,0,7.0,1
https://tinyurl.com/2xjy5roj,1,49,0,0,2,7,0,9,1,0,0,0,0,1,0,0,0,0,0,1,0,0,0,0,0,0,2,2,6.5,7,6,0.5,1,0,0,2,0,0,0,0,7.0,1
https://tinyurl.com/26tzqzge,1,50,0,0,2,7,0,9,1,0,0,0,0,1,0,0,0,0,0,1,0,0,0,0,0,0,2,2,6.5,7,6,0.5,1,0,0,2,0,0,0,0,7.0,1
https://tinyurl.com/2cfynmnv,1,51,0,0,1,7,0,9,1,0,0,0,0,1,0,0,0,0,0,1,0,0,0,0,0,0,2,2,7.0,7,7,0.0,1,0,0,2,0,0,0,0,7.0,1
https://tinyurl.com/2bhrbndp,1,52,0,0,1,7,0,9,1,0,0,0,0,1,0,0,0,0,0,1,0,0,0,0,0,0,2,2,7.0,7,7,0.0,1,0,0,2,0,0,0,0,7.0,1
https://tinyurl.com/2ctdl686,1,53,0,0,4,7,0,9,1,0,0,0,0,1,0,0,0,0,0,1,0,0,0,0,0,0,2,2,5.5,7,4,1.5,1,0,0,2,0,0,0,0,7.0,1
https://tinyurl.com/2crnypv8,1,54,0,0,2,7,0,9,1,0,0,0,0,1,0,0,0,0,0,1,0,0,0,0,0,0,2,2,6.5,7,6,0.5,1,0,0,2,0,0,0,0,7.0,1
https://tinyurl.com/2ycjddhk,1,55,0,0,1,7,0,9,1,0,0,0,0,1,1,0,0,0,0,1,0,0,0,0,0,0,2,2,7.0,7,7,0.0,1,0,0,2,0,0,0,0,7.0,1
https://tinyurl.com/2ax8xahz,1,56,0,0,2,7,0,9,1,0,0,0,0,1,0,0,0,0,0,1,0,0,0,0,0,0,2,2,6.5,7,6,0.5,1,0,0,2,0,0,0,0,7.0,1
https://tinyurl.com/28nca8x2,1,57,0,0,4,7,0,9,1,0,0,0,0,1,0,0,0,0,0,1,0,0,0,0,0,0,2,2,5.5,7,4,1.5,1,0,0,3,0,0,0,0,7.0,0
https://tinyurl.com/226jmx95,1,58,0,0,5,7,0,9,1,0,0,0,0,1,1,0,0,0,0,1,0,0,0,0,0,0,1,2,7.0,7,7,0.0,1,0,0,2,0,0,0,0,7.0,0
https://tinyurl.com/28l7zwkl,1,59,0,0,3,7,0,9,1,0,0,0,0,1,0,0,0,0,0,1,0,0,0,0,0,0,2,2,6.0,7,5,1.0,1,0,0,2,0,0,0,0,7.0,1
https://tinyurl.com/2tpsrr,1,60,0,0,1,7,0,7,1,0,0,0,0,1,1,0,0,0,0,1,0,0,0,0,0,0,2,2,6.0,7,5,1.0,1,0,0,2,0,0,0,0,7.0,1
https://tinyurl.com/266kvyfg,1,61,0,0,3,7,0,9,1,0,0,0,0,1,1,0,0,0,0,1,0,0,0,0,0,0,2,2,6.0,7,5,1.0,1,0,0,2,0,0,0,0,7.0,1
https://tinyurl.com/274gh9td,1,62,0,0,4,7,0,9,1,0,0,0,0,1,0,0,0,0,0,1,0,0,0,0,0,0,2,2,5.5,7,4,1.5,1,0,0,2,0,0,0,0,7.0,1
https://tinyurl.com/27agj6v6,1,63,0,0,4,7,0,9,1,0,0,0,0,1,0,0,0,0,0,1,0,0,0,0,0,0,2,2,5.5,7,4,1.5,1,0,0,2,0,0,0,0,7.0,1
https://tinyurl.com/2b8r8rrj,1,64,0,0,3,7,0,9,1,0,0,0,0,1,1,0,0,0,0,1,0,0,0,0,0,0,2,2,6.0,7,5,1.0,1,0,0,2,0,0,0,0,7.0,1
https://tinyurl.com/3daue4p,1,65,0,0,2,7,0,8,1,0,0,0,0,1,0,0,0,0,0,1,0,0,0,0,0,0,2,2,6.0,7,5,1.0,1,0,0,3,0,0,0,0,7.0,0
https://tinyurl.com/2ypxm2nm,1,66,0,0,2,7,0,9,1,0,0,0,0,1,0,0,0,0,0,1,0,0,0,0,0,0,2,2,6.5,7,6,0.5,1,0,0,2,0,0,0,0,7.0,1
https://tinyurl.com/252ujv8w,1,67,0,0,4,7,0,9,1,0,0,0,0,1,0,0,0,0,0,1,0,0,0,0,0,0,2,2,5.5,7,4,1.5,1,0,0,2,0,0,0,0,7.0,1
https://tinyurl.com/3daue4p,1,68,0,0,2,7,0,8,1,0,0,0,0,1,0,0,0,0,0,1,0,0,0,0,0,0,2,2,6.0,7,5,1.0,1,0,0,3,0,0,0,0,7.0,0
https://tinyurl.com/2452xms2,1,69,0,0,5,7,0,9,1,0,0,0,0,1,0,0,0,0,0,1,0,0,0,0,0,0,1,2,7.0,7,7,0.0,1,0,0,2,0,0,0,0,7.0,0
https://tinyurl.com/22cc6zfu,1,70,0,0,3,7,0,9,1,0,0,0,0,1,2,0,0,0,0,1,0,0,0,0,0,0,2,2,6.0,7,5,1.0,1,0,0,2,0,0,0,0,7.0,1
https://tinyurl.com/2cux33js,1,71,0,0,3,7,0,9,1,0,0,0,0,1,1,0,0,0,0,1,0,0,0,0,0,0,2,2,6.0,7,5,1.0,1,0,0,2,0,0,0,0,7.0,1
https://tinyurl.com/2cosatny,1,72,0,0,1,7,0,9,1,0,0,0,0,1,0,0,0,0,0,1,0,0,0,0,0,0,2,3,7.0,7,7,0.0,2,0,0,3,0,0,0,0,7.0,0
https://tinyurl.com/hq5bdkn,1,73,0,0,1,7,0,8,1,0,0,0,0,1,0,0,0,0,0,1,0,0,0,0,0,0,2,2,6.5,7,6,0.5,1,0,0,2,0,0,0,0,7.0,1
https://tinyurl.com/2y8f7wyv,1,74,0,0,3,7,0,9,1,0,0,0,0,1,0,0,0,0,0,1,0,0,0,0,0,0,2,2,6.0,7,5,1.0,1,0,0,2,0,0,0,0,7.0,1
https://tinyurl.com/2dm9payf,1,75,0,0,2,7,0,9,1,0,0,0,0,1,0,0,0,0,0,1,0,0,0,0,0,0,2,2,6.5,7,6,0.5,1,0,0,3,0,0,0,0,7.0,0
https://tinyurl.com/104WIqR,1,76,0,0,3,7,0,8,1,0,0,0,0,1,0,0,0,0,0,1,0,0,0,0,0,0,2,2,5.5,7,4,1.5,1,0,0,2,0,0,0,0,7.0,1
https://tinyurl.com/ojoPzPN,1,77,0,0,0,7,0,8,1,0,0,0,0,1,0,0,0,0,0,1,0,0,0,0,0,0,2,2,7.0,7,7,0.0,1,0,0,2,0,0,0,0,7.0,1
https://tinyurl.com/2xkxte9n,1,78,0,0,2,7,0,9,1,0,0,0,0,1,0,0,0,0,0,1,0,0,0,0,0,0,2,2,6.5,7,6,0.5,1,0,0,2,0,0,0,0,7.0,1
https://tinyurl.com/2bh4c2hw,1,79,0,0,3,7,0,9,1,0,0,0,0,1,0,0,0,0,0,1,0,0,0,0,0,0,2,2,6.0,7,5,1.0,1,0,0,2,0,0,0,0,7.0,1
https://tinyurl.com/pgs4ebv,1,80,0,0,1,7,0,8,1,0,0,0,0,1,0,0,0,0,0,1,0,0,0,0,0,0,2,2,6.5,7,6,0.5,1,0,0,2,0,0,0,0,7.0,1
https://tinyurl.com/2d8bwljn,1,81,0,0,2,7,0,9,1,0,0,0,0,1,0,0,0,0,0,1,0,0,0,0,0,0,2,2,6.5,7,6,0.5,1,0,0,2,0,0,0,0,7.0,1
https://tinyurl.com/26tzqzge,1,82,0,0,2,7,0,9,1,0,0,0,0,1,0,0,0,0,0,1,0,0,0,0,0,0,2,2,6.5,7,6,0.5,1,0,0,2,0,0,0,0,7.0,1
https://tinyurl.com/23srsd7l,1,83,0,0,3,7,0,9,1,0,0,0,0,1,0,0,0,0,0,1,0,0,0,0,0,0,2,2,6.0,7,5,1.0,1,0,0,2,0,0,0,0,7.0,1
https://tinyurl.com/26t9vpn4,1,84,0,0,4,7,0,9,1,0,0,0,0,1,0,0,0,0,0,1,0,0,0,0,0,0,2,2,5.5,7,4,1.5,1,0,0,2,0,0,0,0,7.0,1
https://tinyurl.com/297fdu8d,1,85,0,0,4,7,0,9,1,0,0,0,0,1,0,0,0,0,0,1,0,0,0,0,0,0,2,2,5.5,7,4,1.5,1,0,0,2,0,0,0,0,7.0,1
https://tinyurl.com/62u247,1,86,0,0,5,7,0,7,1,0,0,0,0,1,0,0,0,0,0,1,0,0,0,0,0,0,1,2,7.0,7,7,0.0,1,0,0,2,0,0,0,0,7.0,0
https://tinyurl.com/5mqAVFX,1,87,0,0,1,7,0,8,1,0,0,0,0,1,0,0,0,0,0,1,0,0,0,0,0,0,2,2,6.5,7,6,0.5,1,0,0,2,0,0,0,0,7.0,1
https://tinyurl.com/23gdjoyj,1,88,0,0,2,7,0,9,1,0,0,0,0,1,0,0,0,0,0,1,0,0,0,0,0,0,2,2,6.5,7,6,0.5,1,0,0,2,0,0,0,0,7.0,1
https://tinyurl.com/22xhrofa,1,89,0,0,2,7,0,9,1,0,0,0,0,1,1,0,0,0,0,1,0,0,0,0,0,0,2,2,6.5,7,6,0.5,1,0,0,3,0,0,0,0,7.0,0
https://tinyurl.com/2yxvm2of,1,90,0,0,2,7,0,9,1,0,0,0,0,1,0,0,0,0,0,1,0,0,0,0,0,0,2,2,6.5,7,6,0.5,1,0,0,2,0,0,0,0,7.0,1
https://tinyurl.com/23rzdsx6,1,91,0,0,3,7,0,9,1,0,0,0,0,1,0,0,0,0,0,1,0,0,0,0,0,0,2,2,6.0,7,5,1.0,1,0,0,2,0,0,0,0,7.0,1
https://tinyurl.com/2379w4v9,1,92,0,0,6,7,0,9,1,0,0,0,0,1,0,0,0,0,0,1,0,0,0,0,0,0,1,2,7.0,7,7,0.0,1,0,0,2,0,0,0,0,7.0,0
https://tinyurl.com/rZqvD2d,1,93,0,0,1,7,0,8,1,0,0,0,0,1,0,0,0,0,0,1,0,0,0,0,0,0,2,2,6.5,7,6,0.5,1,0,0,2,0,0,0,0,7.0,1
https://tinyurl.com/2cdryg8z,1,94,0,0,2,7,0,9,1,0,0,0,0,1,0,0,0,0,0,1,0,0,0,0,0,0,2,2,6.5,7,6,0.5,1,0,0,2,0,0,0,0,7.0,1
https://tinyurl.com/2xosygl5,1,95,0,0,2,7,0,9,1,0,0,0,0,1,0,0,0,0,0,1,0,0,0,0,0,0,2,2,6.5,7,6,0.5,1,0,0,2,0,0,0,0,7.0,1
https://tinyurl.com/1pBLjFb,1,96,0,0,1,7,0,8,1,0,0,0,0,1,0,0,0,0,0,1,0,0,0,0,0,0,2,2,6.5,7,6,0.5,1,0,0,2,0,0,0,0,7.0,1
https://tinyurl.com/25aal42b,1,97,0,0,4,7,0,9,1,0,0,0,0,1,1,0,0,0,0,1,0,0,0,0,0,0,2,2,5.5,7,4,1.5,1,0,0,2,0,0,0,0,7.0,1
https://tinyurl.com/25t63zcm,1,98,0,0,4,7,0,9,1,0,0,0,0,1,0,0,0,0,0,1,0,0,0,0,0,0,2,2,5.5,7,4,1.5,1,0,0,2,0,0,0,0,7.0,1
https://tinyurl.com/2yg9dwuq,1,99,0,0,2,7,0,9,1,0,0,0,0,1,0,0,0,0,0,1,0,0,0,0,0,0,2,2,6.5,7,6,0.5,1,0,0,2,0,0,0,0,7.0,1
