url,domain,registered_domain,tld,subdomain,class,id,protocol,path,domain_digit_count,subdomain_digit_count,path_digit_count,domain_length,subdomain_length,path_length,isKnownTld,www,com,punnyCode,random_domain,subDomainCount,char_repeat,alexa1m_tld,alexa1m,-,.,/,@,?,&,=,_,domain_in_brand_list,raw_word_count,splitted_word_count,average_word_length,longest_word_length,shortest_word_length,std_word_length,compound_word_count,keyword_count,brand_name_count,negligible_word_count,target_brand_count,target_keyword_count,similar_keyword_count,similar_brand_count,average_compound_words,random_words,keywords,brands,dga_in_words,similar_to_keywords,similar_to_brands,negligible_words,words_nlp,words_raw,target_brand,target_keyword,compound_raw,compound_splitted
https://tinyurl.com/23x347a4,tinyurl,tinyurl.com,com,,phish,0,https,/23x347a4,0,0,6,7,0,9,1,0,0,0,0,1,0,0,0,0,0,1,0,0,0,0,0,0,2,2,4.5,7,2,2.5,1,0,0,2,1,0,0,1,7.0,0,,,,,xa,"tin, yurl","xa, tin, yurl","tinyurl, 23x347a4",axa,,tinyurl,"tin, yurl"
https://tinyurl.com/264axhus,tinyurl,tinyurl.com,com,,phish,1,https,/264axhus,0,0,3,7,0,9,1,0,0,0,0,1,0,0,0,0,0,1,0,0,0,0,0,0,2,2,6.0,7,5,1.0,1,0,0,2,0,0,0,0,7.0,1,,,axhus,,,"tin, yurl","axhus, tin, yurl","tinyurl, 264axhus",,,tinyurl,"tin, yurl"
https://tinyurl.com/2crgshqy,tinyurl,tinyurl.com,com,,phish,2,https,/2crgshqy,0,0,1,7,0,9,1,0,0,0,0,1,0,0,0,0,0,1,0,0,0,0,0,0,2,2,7.0,7,7,0.0,1,0,0,2,0,0,0,0,7.0,1,,,crgshqy,,,"tin, yurl","crgshqy, tin, yurl","tinyurl, 2crgshqy",,,tinyurl,"tin, yurl"
https://tinyurl.com/2bzgf5dh,tinyurl,tinyurl.com,com,,phish,3,https,/2bzgf5dh,0,0,2,7,0,9,1,0,0,0,0,1,0,0,0,0,0,1,0,0,0,0,0,0,2,2,6.5,7,6,0.5,1,0,0,2,0,0,0,0,7.0,1,,,bzgfdh,,,"tin, yurl","bzgfdh, tin, yurl","tinyurl, 2bzgf5dh",,,tinyurl,"tin, yurl"
https://tinyurl.com/2ymmoj6y,tinyurl,tinyurl.com,com,,phish,4,https,/2ymmoj6y,0,0,2,7,0,9,1,0,0,0,0,1,1,0,0,0,0,1,0,0,0,0,0,0,2,2,6.5,7,6,0.5,1,0,0,2,0,0,0,0,7.0,1,,,ymmojy,,,"tin, yurl","ymmojy, tin, yurl","tinyurl, 2ymmoj6y",,,tinyurl,"tin, yurl"
https://tinyurl.com/2449chb6,tinyurl,tinyurl.com,com,,phish,5,https,/2449chb6,0,0,5,7,0,9,1,0,0,0,0,1,1,0,0,0,0,1,0,0,0,0,0,0,1,2,7.0,7,7,0.0,1,0,0,2,0,0,0,0,7.0,0,,,,,,"tin, yurl","tin, yurl","tinyurl, 2449chb6",,,tinyurl,"tin, yurl"
https://tinyurl.com/2blgg3uu,tinyurl,tinyurl.com,com,,phish,6,https,/2blgg3uu,0,0,2,7,0,9,1,0,0,0,0,1,2,0,0,0,0,1,0,0,0,0,0,0,2,2,6.5,7,6,0.5,1,0,0,2,0,0,0,0,7.0,1,,,blgguu,,,"tin, yurl","blgguu, tin, yurl","tinyurl, 2blgg3uu",,,tinyurl,"tin, yurl"
https://tinyurl.com/22sn4xy5,tinyurl,tinyurl.com,com,,phish,7,https,/22sn4xy5,0,0,4,7,0,9,1,0,0,0,0,1,1,0,0,0,0,1,0,0,0,0,0,0,2,2,5.5,7,4,1.5,1,0,0,2,0,0,0,0,7.0,1,,,snxy,,,"tin, yurl","snxy, tin, yurl","tinyurl, 22sn4xy5",,,tinyurl,"tin, yurl"
https://tinyurl.com/23qzn8f2,tinyurl,tinyurl.com,com,,phish,8,https,/23qzn8f2,0,0,4,7,0,9,1,0,0,0,0,1,0,0,0,0,0,1,0,0,0,0,0,0,2,2,5.5,7,4,1.5,1,0,0,2,0,0,0,0,7.0,1,,,qznf,,,"tin, yurl","qznf, tin, yurl","tinyurl, 23qzn8f2",,,tinyurl,"tin, yurl"
https://tinyurl.com/2cr2nmnz,tinyurl,tinyurl.com,com,,phish,9,https,/2cr2nmnz,0,0,2,7,0,9,1,0,0,0,0,1,0,0,0,0,0,1,0,0,0,0,0,0,2,2,6.5,7,6,0.5,1,0,0,2,0,0,0,0,7.0,1,,,crnmnz,,,"tin, yurl","crnmnz, tin, yurl","tinyurl, 2cr2nmnz",,,tinyurl,"tin, yurl"
https://tinyurl.com/2b8l2jmc,tinyurl,tinyurl.com,com,,phish,10,https,/2b8l2jmc,0,0,3,7,0,9,1,0,0,0,0,1,0,0,0,0,0,1,0,0,0,0,0,0,2,2,6.0,7,5,1.0,1,0,0,2,0,0,0,0,7.0,1,,,bljmc,,,"tin, yurl","bljmc, tin, yurl","tinyurl, 2b8l2jmc",,,tinyurl,"tin, yurl"
https://tinyurl.com/28rmlukv,tinyurl,tinyurl.com,com,,phish,11,https,/28rmlukv,0,0,2,7,0,9,1,0,0,0,0,1,0,0,0,0,0,1,0,0,0,0,0,0,2,2,6.5,7,6,0.5,1,0,0,2,0,0,0,0,7.0,1,,,rmlukv,,,"tin, yurl","rmlukv, tin, yurl","tinyurl, 28rmlukv",,,tinyurl,"tin, yurl"
https://tinyurl.com/8UUHALV,tinyurl,tinyurl.com,com,,phish,12,https,/8UUHALV,0,0,1,7,0,8,1,0,0,0,0,1,1,0,0,0,0,1,0,0,0,0,0,0,2,2,6.5,7,6,0.5,1,0,0,2,0,0,0,0,7.0,1,,,uuhalv,,,"tin, yurl","uuhalv, tin, yurl","tinyurl, 8uuhalv",,,tinyurl,"tin, yurl"
https://tinyurl.com/2xjy5roj,tinyurl,tinyurl.com,com,,phish,13,https,/2xjy5roj,0,0,2,7,0,9,1,0,0,0,0,1,0,0,0,0,0,1,0,0,0,0,0,0,2,2,6.5,7,6,0.5,1,0,0,2,0,0,0,0,7.0,1,,,xjyroj,,,"tin, yurl","xjyroj, tin, yurl","tinyurl, 2xjy5roj",,,tinyurl,"tin, yurl"
https://tinyurl.com/24dummy3,tinyurl,tinyurl.com,com,,phish,14,https,/24dummy3,0,0,3,7,0,9,1,0,0,0,0,1,1,0,0,0,0,1,0,0,0,0,0,0,2,2,6.0,7,5,1.0,1,0,0,3,0,0,0,0,7.0,0,,,,,,"dummy, tin, yurl","dummy, tin, yurl","tinyurl, 24dummy3",,,tinyurl,"tin, yurl"
https://tinyurl.com/p2voxup,tinyurl,tinyurl.com,com,,phish,15,https,/p2voxup,0,0,1,7,0,8,1,0,0,0,0,1,0,0,0,0,0,1,0,0,0,0,0,0,2,2,6.5,7,6,0.5,1,0,0,2,0,0,0,0,7.0,1,,,pvoxup,,,"tin, yurl","pvoxup, tin, yurl","tinyurl, p2voxup",,,tinyurl,"tin, yurl"
https://tinyurl.com/23zkwh23,tinyurl,tinyurl.com,com,,phish,16,https,/23zkwh23,0,0,4,7,0,9,1,0,0,0,0,1,0,0,0,0,0,1,0,0,0,0,0,0,2,2,5.5,7,4,1.5,1,0,0,2,0,0,0,0,7.0,1,,,zkwh,,,"tin, yurl","zkwh, tin, yurl","tinyurl, 23zkwh23",,,tinyurl,"tin, yurl"
https://tinyurl.com/23gud3p5,tinyurl,tinyurl.com,com,,phish,17,https,/23gud3p5,0,0,4,7,0,9,1,0,0,0,0,1,0,0,0,0,0,1,0,0,0,0,0,0,2,2,5.5,7,4,1.5,1,0,0,2,0,0,0,0,7.0,1,,,gudp,,,"tin, yurl","gudp, tin, yurl","tinyurl, 23gud3p5",,,tinyurl,"tin, yurl"
https://tinyurl.com/2bunldzb,tinyurl,tinyurl.com,com,,phish,18,https,/2bunldzb,0,0,1,7,0,9,1,0,0,0,0,1,0,0,0,0,0,1,0,0,0,0,0,0,2,2,7.0,7,7,0.0,1,0,0,2,0,0,0,0,7.0,1,,,bunldzb,,,"tin, yurl","bunldzb, tin, yurl","tinyurl, 2bunldzb",,,tinyurl,"tin, yurl"
https://tinyurl.com/2cqegdjr,tinyurl,tinyurl.com,com,,phish,19,https,/2cqegdjr,0,0,1,7,0,9,1,0,0,0,0,1,0,0,0,0,0,1,0,0,0,0,0,0,2,2,7.0,7,7,0.0,1,0,0,2,0,0,0,0,7.0,1,,,cqegdjr,,,"tin, yurl","cqegdjr, tin, yurl","tinyurl, 2cqegdjr",,,tinyurl,"tin, yurl"
https://tinyurl.com/2a4wgs7u,tinyurl,tinyurl.com,com,,phish,20,https,/2a4wgs7u,0,0,3,7,0,9,1,0,0,0,0,1,0,0,0,0,0,1,0,0,0,0,0,0,2,2,6.0,7,5,1.0,1,0,0,2,0,0,0,0,7.0,1,,,awgsu,,,"tin, yurl","awgsu, tin, yurl","tinyurl, 2a4wgs7u",,,tinyurl,"tin, yurl"
https://tinyurl.com/2xtos3kn,tinyurl,tinyurl.com,com,,phish,21,https,/2xtos3kn,0,0,2,7,0,9,1,0,0,0,0,1,0,0,0,0,0,1,0,0,0,0,0,0,2,2,6.5,7,6,0.5,1,0,0,3,0,0,0,0,7.0,0,,,,,,"xtoskn, tin, yurl","xtoskn, tin, yurl","tinyurl, 2xtos3kn",,,tinyurl,"tin, yurl"
https://tinyurl.com/27dvl6e3,tinyurl,tinyurl.com,com,,phish,22,https,/27dvl6e3,0,0,4,7,0,9,1,0,0,0,0,1,0,0,0,0,0,1,0,0,0,0,0,0,2,2,5.5,7,4,1.5,1,0,0,2,0,0,0,0,7.0,1,,,dvle,,,"tin, yurl","dvle, tin, yurl","tinyurl, 27dvl6e3",,,tinyurl,"tin, yurl"
https://tinyurl.com/25shx3cu,tinyurl,tinyurl.com,com,,phish,23,https,/25shx3cu,0,0,3,7,0,9,1,0,0,0,0,1,0,0,0,0,0,1,0,0,0,0,0,0,2,2,6.0,7,5,1.0,1,0,0,2,0,0,0,0,7.0,1,,,shxcu,,,"tin, yurl","shxcu, tin, yurl","tinyurl, 25shx3cu",,,tinyurl,"tin, yurl"
https://tinyurl.com/2cf9m9l7,tinyurl,tinyurl.com,com,,phish,24,https,/2cf9m9l7,0,0,4,7,0,9,1,0,0,0,0,1,0,0,0,0,0,1,0,0,0,0,0,0,2,2,5.5,7,4,1.5,1,0,0,2,0,0,0,0,7.0,1,,,cfml,,,"tin, yurl","cfml, tin, yurl","tinyurl, 2cf9m9l7",,,tinyurl,"tin, yurl"
https://tinyurl.com/225p8gx7,tinyurl,tinyurl.com,com,,phish,25,https,/225p8gx7,0,0,5,7,0,9,1,0,0,0,0,1,1,0,0,0,0,1,0,0,0,0,0,0,1,2,7.0,7,7,0.0,1,0,0,2,0,0,0,0,7.0,0,,,,,,"tin, yurl","tin, yurl","tinyurl, 225p8gx7",,,tinyurl,"tin, yurl"
https://tinyurl.com/D0kLCAv,tinyurl,tinyurl.com,com,,phish,26,https,/D0kLCAv,0,0,1,7,0,8,1,0,0,0,0,1,0,0,0,0,0,1,0,0,0,0,0,0,2,2,6.5,7,6,0.5,1,0,0,2,0,0,0,0,7.0,1,,,dklcav,,,"tin, yurl","dklcav, tin, yurl","tinyurl, d0klcav",,,tinyurl,"tin, yurl"
https://tinyurl.com/2b8uqzbn,tinyurl,tinyurl.com,com,,phish,27,https,/2b8uqzbn,0,0,2,7,0,9,1,0,0,0,0,1,0,0,0,0,0,1,0,0,0,0,0,0,2,2,6.5,7,6,0.5,1,0,0,2,0,0,0,0,7.0,1,,,buqzbn,,,"tin, yurl","buqzbn, tin, yurl","tinyurl, 2b8uqzbn",,,tinyurl,"tin, yurl"
https://tinyurl.com/29akovyw,tinyurl,tinyurl.com,com,,phish,28,https,/29akovyw,0,0,2,7,0,9,1,0,0,0,0,1,0,0,0,0,0,1,0,0,0,0,0,0,2,2,6.5,7,6,0.5,1,0,0,2,0,0,0,0,7.0,1,,,akovyw,,,"tin, yurl","akovyw, tin, yurl","tinyurl, 29akovyw",,,tinyurl,"tin, yurl"
https://tinyurl.com/29pktnmv,tinyurl,tinyurl.com,com,,phish,29,https,/29pktnmv,0,0,2,7,0,9,1,0,0,0,0,1,0,0,0,0,0,1,0,0,0,0,0,0,2,2,6.5,7,6,0.5,1,0,0,2,0,0,0,0,7.0,1,,,pktnmv,,,"tin, yurl","pktnmv, tin, yurl","tinyurl, 29pktnmv",,,tinyurl,"tin, yurl"
https://tinyurl.com/klheovw,tinyurl,tinyurl.com,com,,phish,30,https,/klheovw,0,0,0,7,0,8,1,0,0,0,0,1,0,0,0,0,0,1,0,0,0,0,0,0,2,2,7.0,7,7,0.0,1,0,0,2,0,0,0,0,7.0,1,,,klheovw,,,"tin, yurl","klheovw, tin, yurl","tinyurl, klheovw",,,tinyurl,"tin, yurl"
https://tinyurl.com/2afprlp4,tinyurl,tinyurl.com,com,,phish,31,https,/2afprlp4,0,0,2,7,0,9,1,0,0,0,0,1,0,0,0,0,0,1,0,0,0,0,0,0,2,2,6.5,7,6,0.5,1,0,0,2,0,0,0,0,7.0,1,,,afprlp,,,"tin, yurl","afprlp, tin, yurl","tinyurl, 2afprlp4",,,tinyurl,"tin, yurl"
https://tinyurl.com/K8lDaRO,tinyurl,tinyurl.com,com,,phish,32,https,/K8lDaRO,0,0,1,7,0,8,1,0,0,0,0,1,0,0,0,0,0,1,0,0,0,0,0,0,2,2,6.5,7,6,0.5,1,0,0,3,0,0,0,0,7.0,0,,,,,,"kldaro, tin, yurl","kldaro, tin, yurl","tinyurl, k8ldaro",,,tinyurl,"tin, yurl"
https://tinyurl.com/22ekuf68,tinyurl,tinyurl.com,com,,phish,33,https,/22ekuf68,0,0,4,7,0,9,1,0,0,0,0,1,1,0,0,0,0,1,0,0,0,0,0,0,2,2,5.5,7,4,1.5,1,0,0,2,0,0,0,0,7.0,1,,,ekuf,,,"tin, yurl","ekuf, tin, yurl","tinyurl, 22ekuf68",,,tinyurl,"tin, yurl"
https://tinyurl.com/2d4xoq2q,tinyurl,tinyurl.com,com,,phish,34,https,/2d4xoq2q,0,0,3,7,0,9,1,0,0,0,0,1,0,0,0,0,0,1,0,0,0,0,0,0,2,2,6.0,7,5,1.0,1,0,0,2,0,0,0,0,7.0,1,,,dxoqq,,,"tin, yurl","dxoqq, tin, yurl","tinyurl, 2d4xoq2q",,,tinyurl,"tin, yurl"
https://tinyurl.com/2yru5anv,tinyurl,tinyurl.com,com,,phish,35,https,/2yru5anv,0,0,2,7,0,9,1,0,0,0,0,1,0,0,0,0,0,1,0,0,0,0,0,0,2,2,6.5,7,6,0.5,1,0,0,3,0,0,0,0,7.0,0,,,,,,"yruanv, tin, yurl","yruanv, tin, yurl","tinyurl, 2yru5anv",,,tinyurl,"tin, yurl"
https://tinyurl.com/FromzSg,tinyurl,tinyurl.com,com,,phish,36,https,/FromzSg,0,0,0,7,0,8,1,0,0,0,0,1,0,0,0,0,0,1,0,0,0,0,0,0,2,2,7.0,7,7,0.0,1,0,0,2,0,0,0,0,7.0,1,,,fromzsg,,,"tin, yurl","fromzsg, tin, yurl","tinyurl, fromzsg",,,tinyurl,"tin, yurl"
https://tinyurl.com/9mKgZkT,tinyurl,tinyurl.com,com,,phish,37,https,/9mKgZkT,0,0,1,7,0,8,1,0,0,0,0,1,0,0,0,0,0,1,0,0,0,0,0,0,2,2,6.5,7,6,0.5,1,0,0,2,0,0,0,0,7.0,1,,,mkgzkt,,,"tin, yurl","mkgzkt, tin, yurl","tinyurl, 9mkgzkt",,,tinyurl,"tin, yurl"
https://tinyurl.com/25x2t2xp,tinyurl,tinyurl.com,com,,phish,38,https,/25x2t2xp,0,0,4,7,0,9,1,0,0,0,0,1,0,0,0,0,0,1,0,0,0,0,0,0,2,2,5.5,7,4,1.5,1,0,0,2,0,0,0,0,7.0,1,,,xtxp,,,"tin, yurl","xtxp, tin, yurl","tinyurl, 25x2t2xp",,,tinyurl,"tin, yurl"
https://tinyurl.com/2yqknpgg,tinyurl,tinyurl.com,com,,phish,39,https,/2yqknpgg,0,0,1,7,0,9,1,0,0,0,0,1,1,0,0,0,0,1,0,0,0,0,0,0,2,2,7.0,7,7,0.0,1,0,0,2,0,0,0,0,7.0,1,,,yqknpgg,,,"tin, yurl","yqknpgg, tin, yurl","tinyurl, 2yqknpgg",,,tinyurl,"tin, yurl"
https://tinyurl.com/25scj6wp,tinyurl,tinyurl.com,com,,phish,40,https,/25scj6wp,0,0,3,7,0,9,1,0,0,0,0,1,0,0,0,0,0,1,0,0,0,0,0,0,2,2,6.0,7,5,1.0,1,0,0,2,0,0,0,0,7.0,1,,,scjwp,,,"tin, yurl","scjwp, tin, yurl","tinyurl, 25scj6wp",,,tinyurl,"tin, yurl"
https://tinyurl.com/24ycx3et,tinyurl,tinyurl.com,com,,phish,41,https,/24ycx3et,0,0,3,7,0,9,1,0,0,0,0,1,0,0,0,0,0,1,0,0,0,0,0,0,2,2,6.0,7,5,1.0,1,0,0,2,0,0,0,0,7.0,1,,,ycxet,,,"tin, yurl","ycxet, tin, yurl","tinyurl, 24ycx3et",,,tinyurl,"tin, yurl"
https://tinyurl.com/248hvs7x,tinyurl,tinyurl.com,com,,phish,42,https,/248hvs7x,0,0,4,7,0,9,1,0,0,0,0,1,0,0,0,0,0,1,0,0,0,0,0,0,2,2,5.5,7,4,1.5,1,0,0,2,0,0,0,0,7.0,1,,,hvsx,,,"tin, yurl","hvsx, tin, yurl","tinyurl, 248hvs7x",,,tinyurl,"tin, yurl"
https://tinyurl.com/23hho6ws,tinyurl,tinyurl.com,com,,phish,43,https,/23hho6ws,0,0,3,7,0,9,1,0,0,0,0,1,1,0,0,0,0,1,0,0,0,0,0,0,2,2,6.0,7,5,1.0,1,0,0,2,0,0,0,0,7.0,1,,,hhows,,,"tin, yurl","hhows, tin, yurl","tinyurl, 23hho6ws",,,tinyurl,"tin, yurl"
https://tinyurl.com/293xlb7c,tinyurl,tinyurl.com,com,,phish,44,https,/293xlb7c,0,0,4,7,0,9,1,0,0,0,0,1,0,0,0,0,0,1,0,0,0,0,0,0,2,2,5.5,7,4,1.5,1,0,0,2,0,0,0,0,7.0,1,,,xlbc,,,"tin, yurl","xlbc, tin, yurl","tinyurl, 293xlb7c",,,tinyurl,"tin, yurl"
https://tinyurl.com/246rceu2,tinyurl,tinyurl.com,com,,phish,45,https,/246rceu2,0,0,4,7,0,9,1,0,0,0,0,1,0,0,0,0,0,1,0,0,0,0,0,0,2,2,5.5,7,4,1.5,1,0,0,3,0,0,0,0,7.0,0,,,,,,"rceu, tin, yurl","rceu, tin, yurl","tinyurl, 246rceu2",,,tinyurl,"tin, yurl"
https://tinyurl.com/2yxc75cq,tinyurl,tinyurl.com,com,,phish,46,https,/2yxc75cq,0,0,3,7,0,9,1,0,0,0,0,1,0,0,0,0,0,1,0,0,0,0,0,0,2,2,6.0,7,5,1.0,1,0,0,2,0,0,0,0,7.0,1,,,yxccq,,,"tin, yurl","yxccq, tin, yurl","tinyurl, 2yxc75cq",,,tinyurl,"tin, yurl"
https://tinyurl.com/2yh2vban,tinyurl,tinyurl.com,com,,phish,47,https,/2yh2vban,0,0,2,7,0,9,1,0,0,0,0,1,0,0,0,0,0,1,0,0,0,0,0,0,2,2,6.5,7,6,0.5,1,0,0,2,0,0,0,0,7.0,1,,,yhvban,,,"tin, yurl","yhvban, tin, yurl","tinyurl, 2yh2vban",,,tinyurl,"tin, yurl"
https://tinyurl.com/gkQ267G,tinyurl,tinyurl.com,com,,phish,48,https,/gkQ267G,0,0,3,7,0,8,1,0,0,0,0,1,0,0,0,0,0,1,0,0,0,0,0,0,2,2,5.5,7,4,1.5,1,0,0,2,0,0,0,0,7.0,1,,,gkqg,,,"tin, yurl","gkqg, tin, yurl","tinyurl, gkq267g",,,tinyurl,"tin, yurl"
https://tinyurl.com/2xjy5roj,tinyurl,tinyurl.com,com,,phish,49,https,/2xjy5roj,0,0,2,7,0,9,1,0,0,0,0,1,0,0,0,0,0,1,0,0,0,0,0,0,2,2,6.5,7,6,0.5,1,0,0,2,0,0,0,0,7.0,1,,,xjyroj,,,"tin, yurl","xjyroj, tin, yurl","tinyurl, 2xjy5roj",,,tinyurl,"tin, yurl"
https://tinyurl.com/26tzqzge,tinyurl,tinyurl.com,com,,phish,50,https,/26tzqzge,0,0,2,7,0,9,1,0,0,0,0,1,0,0,0,0,0,1,0,0,0,0,0,0,2,2,6.5,7,6,0.5,1,0,0,2,0,0,0,0,7.0,1,,,tzqzge,,,"tin, yurl","tzqzge, tin, yurl","tinyurl, 26tzqzge",,,tinyurl,"tin, yurl"
https://tinyurl.com/2cfynmnv,tinyurl,tinyurl.com,com,,phish,51,https,/2cfynmnv,0,0,1,7,0,9,1,0,0,0,0,1,0,0,0,0,0,1,0,0,0,0,0,0,2,2,7.0,7,7,0.0,1,0,0,2,0,0,0,0,7.0,1,,,cfynmnv,,,"tin, yurl","cfynmnv, tin, yurl","tinyurl, 2cfynmnv",,,tinyurl,"tin, yurl"
https://tinyurl.com/2bhrbndp,tinyurl,tinyurl.com,com,,phish,52,https,/2bhrbndp,0,0,1,7,0,9,1,0,0,0,0,1,0,0,0,0,0,1,0,0,0,0,0,0,2,2,7.0,7,7,0.0,1,0,0,2,0,0,0,0,7.0,1,,,bhrbndp,,,"tin, yurl","bhrbndp, tin, yurl","tinyurl, 2bhrbndp",,,tinyurl,"tin, yurl"
https://tinyurl.com/2ctdl686,tinyurl,tinyurl.com,com,,phish,53,https,/2ctdl686,0,0,4,7,0,9,1,0,0,0,0,1,0,0,0,0,0,1,0,0,0,0,0,0,2,2,5.5,7,4,1.5,1,0,0,2,0,0,0,0,7.0,1,,,ctdl,,,"tin, yurl","ctdl, tin, yurl","tinyurl, 2ctdl686",,,tinyurl,"tin, yurl"
https://tinyurl.com/2crnypv8,tinyurl,tinyurl.com,com,,phish,54,https,/2crnypv8,0,0,2,7,0,9,1,0,0,0,0,1,0,0,0,0,0,1,0,0,0,0,0,0,2,2,6.5,7,6,0.5,1,0,0,2,0,0,0,0,7.0,1,,,crnypv,,,"tin, yurl","crnypv, tin, yurl","tinyurl, 2crnypv8",,,tinyurl,"tin, yurl"
https://tinyurl.com/2ycjddhk,tinyurl,tinyurl.com,com,,phish,55,https,/2ycjddhk,0,0,1,7,0,9,1,0,0,0,0,1,1,0,0,0,0,1,0,0,0,0,0,0,2,2,7.0,7,7,0.0,1,0,0,2,0,0,0,0,7.0,1,,,ycjddhk,,,"tin, yurl","ycjddhk, tin, yurl","tinyurl, 2ycjddhk",,,tinyurl,"tin, yurl"
https://tinyurl.com/2ax8xahz,tinyurl,tinyurl.com,com,,phish,56,https,/2ax8xahz,0,0,2,7,0,9,1,0,0,0,0,1,0,0,0,0,0,1,0,0,0,0,0,0,2,2,6.5,7,6,0.5,1,0,0,2,0,0,0,0,7.0,1,,,axxahz,,,"tin, yurl","axxahz, tin, yurl","tinyurl, 2ax8xahz",,,tinyurl,"tin, yurl"
https://tinyurl.com/28nca8x2,tinyurl,tinyurl.com,com,,phish,57,https,/28nca8x2,0,0,4,7,0,9,1,0,0,0,0,1,0,0,0,0,0,1,0,0,0,0,0,0,2,2,5.5,7,4,1.5,1,0,0,3,0,0,0,0,7.0,0,,,,,,"ncax, tin, yurl","ncax, tin, yurl","tinyurl, 28nca8x2",,,tinyurl,"tin, yurl"
https://tinyurl.com/226jmx95,tinyurl,tinyurl.com,com,,phish,58,https,/226jmx95,0,0,5,7,0,9,1,0,0,0,0,1,1,0,0,0,0,1,0,0,0,0,0,0,1,2,7.0,7,7,0.0,1,0,0,2,0,0,0,0,7.0,0,,,,,,"tin, yurl","tin, yurl","tinyurl, 226jmx95",,,tinyurl,"tin, yurl"
https://tinyurl.com/28l7zwkl,tinyurl,tinyurl.com,com,,phish,59,https,/28l7zwkl,0,0,3,7,0,9,1,0,0,0,0,1,0,0,0,0,0,1,0,0,0,0,0,0,2,2,6.0,7,5,1.0,1,0,0,2,0,0,0,0,7.0,1,,,lzwkl,,,"tin, yurl","lzwkl, tin, yurl","tinyurl, 28l7zwkl",,,tinyurl,"tin, yurl"
https://tinyurl.com/2tpsrr,tinyurl,tinyurl.com,com,,phish,60,https,/2tpsrr,0,0,1,7,0,7,1,0,0,0,0,1,1,0,0,0,0,1,0,0,0,0,0,0,2,2,6.0,7,5,1.0,1,0,0,2,0,0,0,0,7.0,1,,,tpsrr,,,"tin, yurl","tpsrr, tin, yurl","tinyurl, 2tpsrr",,,tinyurl,"tin, yurl"
https://tinyurl.com/266kvyfg,tinyurl,tinyurl.com,com,,phish,61,https,/266kvyfg,0,0,3,7,0,9,1,0,0,0,0,1,1,0,0,0,0,1,0,0,0,0,0,0,2,2,6.0,7,5,1.0,1,0,0,2,0,0,0,0,7.0,1,,,kvyfg,,,"tin, yurl","kvyfg, tin, yurl","tinyurl, 266kvyfg",,,tinyurl,"tin, yurl"
https://tinyurl.com/274gh9td,tinyurl,tinyurl.com,com,,phish,62,https,/274gh9td,0,0,4,7,0,9,1,0,0,0,0,1,0,0,0,0,0,1,0,0,0,0,0,0,2,2,5.5,7,4,1.5,1,0,0,2,0,0,0,0,7.0,1,,,ghtd,,,"tin, yurl","ghtd, tin, yurl","tinyurl, 274gh9td",,,tinyurl,"tin, yurl"
https://tinyurl.com/27agj6v6,tinyurl,tinyurl.com,com,,phish,63,https,/27agj6v6,0,0,4,7,0,9,1,0,0,0,0,1,0,0,0,0,0,1,0,0,0,0,0,0,2,2,5.5,7,4,1.5,1,0,0,2,0,0,0,0,7.0,1,,,agjv,,,"tin, yurl","agjv, tin, yurl","tinyurl, 27agj6v6",,,tinyurl,"tin, yurl"
https://tinyurl.com/2b8r8rrj,tinyurl,tinyurl.com,com,,phish,64,https,/2b8r8rrj,0,0,3,7,0,9,1,0,0,0,0,1,1,0,0,0,0,1,0,0,0,0,0,0,2,2,6.0,7,5,1.0,1,0,0,2,0,0,0,0,7.0,1,,,brrrj,,,"tin, yurl","brrrj, tin, yurl","tinyurl, 2b8r8rrj",,,tinyurl,"tin, yurl"
https://tinyurl.com/3daue4p,tinyurl,tinyurl.com,com,,phish,65,https,/3daue4p,0,0,2,7,0,8,1,0,0,0,0,1,0,0,0,0,0,1,0,0,0,0,0,0,2,2,6.0,7,5,1.0,1,0,0,3,0,0,0,0,7.0,0,,,,,,"dauep, tin, yurl","dauep, tin, yurl","tinyurl, 3daue4p",,,tinyurl,"tin, yurl"
https://tinyurl.com/2ypxm2nm,tinyurl,tinyurl.com,com,,phish,66,https,/2ypxm2nm,0,0,2,7,0,9,1,0,0,0,0,1,0,0,0,0,0,1,0,0,0,0,0,0,2,2,6.5,7,6,0.5,1,0,0,2,0,0,0,0,7.0,1,,,ypxmnm,,,"tin, yurl","ypxmnm, tin, yurl","tinyurl, 2ypxm2nm",,,tinyurl,"tin, yurl"
https://tinyurl.com/252ujv8w,tinyurl,tinyurl.com,com,,phish,67,https,/252ujv8w,0,0,4,7,0,9,1,0,0,0,0,1,0,0,0,0,0,1,0,0,0,0,0,0,2,2,5.5,7,4,1.5,1,0,0,2,0,0,0,0,7.0,1,,,ujvw,,,"tin, yurl","ujvw, tin, yurl","tinyurl, 252ujv8w",,,tinyurl,"tin, yurl"
https://tinyurl.com/3daue4p,tinyurl,tinyurl.com,com,,phish,68,https,/3daue4p,0,0,2,7,0,8,1,0,0,0,0,1,0,0,0,0,0,1,0,0,0,0,0,0,2,2,6.0,7,5,1.0,1,0,0,3,0,0,0,0,7.0,0,,,,,,"dauep, tin, yurl","dauep, tin, yurl","tinyurl, 3daue4p",,,tinyurl,"tin, yurl"
https://tinyurl.com/2452xms2,tinyurl,tinyurl.com,com,,phish,69,https,/2452xms2,0,0,5,7,0,9,1,0,0,0,0,1,0,0,0,0,0,1,0,0,0,0,0,0,1,2,7.0,7,7,0.0,1,0,0,2,0,0,0,0,7.0,0,,,,,,"tin, yurl","tin, yurl","tinyurl, 2452xms2",,,tinyurl,"tin, yurl"
https://tinyurl.com/22cc6zfu,tinyurl,tinyurl.com,com,,phish,70,https,/22cc6zfu,0,0,3,7,0,9,1,0,0,0,0,1,2,0,0,0,0,1,0,0,0,0,0,0,2,2,6.0,7,5,1.0,1,0,0,2,0,0,0,0,7.0,1,,,cczfu,,,"tin, yurl","cczfu, tin, yurl","tinyurl, 22cc6zfu",,,tinyurl,"tin, yurl"
https://tinyurl.com/2cux33js,tinyurl,tinyurl.com,com,,phish,71,https,/2cux33js,0,0,3,7,0,9,1,0,0,0,0,1,1,0,0,0,0,1,0,0,0,0,0,0,2,2,6.0,7,5,1.0,1,0,0,2,0,0,0,0,7.0,1,,,cuxjs,,,"tin, yurl","cuxjs, tin, yurl","tinyurl, 2cux33js",,,tinyurl,"tin, yurl"
https://tinyurl.com/2cosatny,tinyurl,tinyurl.com,com,,phish,72,https,/2cosatny,0,0,1,7,0,9,1,0,0,0,0,1,0,0,0,0,0,1,0,0,0,0,0,0,2,3,7.0,7,7,0.0,2,0,0,3,0,0,0,0,7.0,0,,,,,,"tin, yurl, cosatny","tin, yurl, cosatny","tinyurl, 2cosatny",,,"tinyurl, cosatny","tin, yurl, cosatny"
https://tinyurl.com/hq5bdkn,tinyurl,tinyurl.com,com,,phish,73,https,/hq5bdkn,0,0,1,7,0,8,1,0,0,0,0,1,0,0,0,0,0,1,0,0,0,0,0,0,2,2,6.5,7,6,0.5,1,0,0,2,0,0,0,0,7.0,1,,,hqbdkn,,,"tin, yurl","hqbdkn, tin, yurl","tinyurl, hq5bdkn",,,tinyurl,"tin, yurl"
https://tinyurl.com/2y8f7wyv,tinyurl,tinyurl.com,com,,phish,74,https,/2y8f7wyv,0,0,3,7,0,9,1,0,0,0,0,1,0,0,0,0,0,1,0,0,0,0,0,0,2,2,6.0,7,5,1.0,1,0,0,2,0,0,0,0,7.0,1,,,yfwyv,,,"tin, yurl","yfwyv, tin, yurl","tinyurl, 2y8f7wyv",,,tinyurl,"tin, yurl"
https://tinyurl.com/2dm9payf,tinyurl,tinyurl.com,com,,phish,75,https,/2dm9payf,0,0,2,7,0,9,1,0,0,0,0,1,0,0,0,0,0,1,0,0,0,0,0,0,2,2,6.5,7,6,0.5,1,0,0,3,0,0,0,0,7.0,0,,,,,,"dmpayf, tin, yurl","dmpayf, tin, yurl","tinyurl, 2dm9payf",,,tinyurl,"tin, yurl"
https://tinyurl.com/104WIqR,tinyurl,tinyurl.com,com,,phish,76,https,/104WIqR,0,0,3,7,0,8,1,0,0,0,0,1,0,0,0,0,0,1,0,0,0,0,0,0,2,2,5.5,7,4,1.5,1,0,0,2,0,0,0,0,7.0,1,,,wiqr,,,"tin, yurl","wiqr, tin, yurl","tinyurl, 104wiqr",,,tinyurl,"tin, yurl"
https://tinyurl.com/ojoPzPN,tinyurl,tinyurl.com,com,,phish,77,https,/ojoPzPN,0,0,0,7,0,8,1,0,0,0,0,1,0,0,0,0,0,1,0,0,0,0,0,0,2,2,7.0,7,7,0.0,1,0,0,2,0,0,0,0,7.0,1,,,ojopzpn,,,"tin, yurl","ojopzpn, tin, yurl","tinyurl, ojopzpn",,,tinyurl,"tin, yurl"
https://tinyurl.com/2xkxte9n,tinyurl,tinyurl.com,com,,phish,78,https,/2xkxte9n,0,0,2,7,0,9,1,0,0,0,0,1,0,0,0,0,0,1,0,0,0,0,0,0,2,2,6.5,7,6,0.5,1,0,0,2,0,0,0,0,7.0,1,,,xkxten,,,"tin, yurl","xkxten, tin, yurl","tinyurl, 2xkxte9n",,,tinyurl,"tin, yurl"
https://tinyurl.com/2bh4c2hw,tinyurl,tinyurl.com,com,,phish,79,https,/2bh4c2hw,0,0,3,7,0,9,1,0,0,0,0,1,0,0,0,0,0,1,0,0,0,0,0,0,2,2,6.0,7,5,1.0,1,0,0,2,0,0,0,0,7.0,1,,,bhchw,,,"tin, yurl","bhchw, tin, yurl","tinyurl, 2bh4c2hw",,,tinyurl,"tin, yurl"
https://tinyurl.com/pgs4ebv,tinyurl,tinyurl.com,com,,phish,80,https,/pgs4ebv,0,0,1,7,0,8,1,0,0,0,0,1,0,0,0,0,0,1,0,0,0,0,0,0,2,2,6.5,7,6,0.5,1,0,0,2,0,0,0,0,7.0,1,,,pgsebv,,,"tin, yurl","pgsebv, tin, yurl","tinyurl, pgs4ebv",,,tinyurl,"tin, yurl"
https://tinyurl.com/2d8bwljn,tinyurl,tinyurl.com,com,,phish,81,https,/2d8bwljn,0,0,2,7,0,9,1,0,0,0,0,1,0,0,0,0,0,1,0,0,0,0,0,0,2,2,6.5,7,6,0.5,1,0,0,2,0,0,0,0,7.0,1,,,dbwljn,,,"tin, yurl","dbwljn, tin, yurl","tinyurl, 2d8bwljn",,,tinyurl,"tin, yurl"
https://tinyurl.com/26tzqzge,tinyurl,tinyurl.com,com,,phish,82,https,/26tzqzge,0,0,2,7,0,9,1,0,0,0,0,1,0,0,0,0,0,1,0,0,0,0,0,0,2,2,6.5,7,6,0.5,1,0,0,2,0,0,0,0,7.0,1,,,tzqzge,,,"tin, yurl","tzqzge, tin, yurl","tinyurl, 26tzqzge",,,tinyurl,"tin, yurl"
https://tinyurl.com/23srsd7l,tinyurl,tinyurl.com,com,,phish,83,https,/23srsd7l,0,0,3,7,0,9,1,0,0,0,0,1,0,0,0,0,0,1,0,0,0,0,0,0,2,2,6.0,7,5,1.0,1,0,0,2,0,0,0,0,7.0,1,,,srsdl,,,"tin, yurl","srsdl, tin, yurl","tinyurl, 23srsd7l",,,tinyurl,"tin, yurl"
https://tinyurl.com/26t9vpn4,tinyurl,tinyurl.com,com,,phish,84,https,/26t9vpn4,0,0,4,7,0,9,1,0,0,0,0,1,0,0,0,0,0,1,0,0,0,0,0,0,2,2,5.5,7,4,1.5,1,0,0,2,0,0,0,0,7.0,1,,,tvpn,,,"tin, yurl","tvpn, tin, yurl","tinyurl, 26t9vpn4",,,tinyurl,"tin, yurl"
https://tinyurl.com/297fdu8d,tinyurl,tinyurl.com,com,,phish,85,https,/297fdu8d,0,0,4,7,0,9,1,0,0,0,0,1,0,0,0,0,0,1,0,0,0,0,0,0,2,2,5.5,7,4,1.5,1,0,0,2,0,0,0,0,7.0,1,,,fdud,,,"tin, yurl","fdud, tin, yurl","tinyurl, 297fdu8d",,,tinyurl,"tin, yurl"
https://tinyurl.com/62u247,tinyurl,tinyurl.com,com,,phish,86,https,/62u247,0,0,5,7,0,7,1,0,0,0,0,1,0,0,0,0,0,1,0,0,0,0,0,0,1,2,7.0,7,7,0.0,1,0,0,2,0,0,0,0,7.0,0,,,,,,"tin, yurl","tin, yurl","tinyurl, 62u247",,,tinyurl,"tin, yurl"
https://tinyurl.com/5mqAVFX,tinyurl,tinyurl.com,com,,phish,87,https,/5mqAVFX,0,0,1,7,0,8,1,0,0,0,0,1,0,0,0,0,0,1,0,0,0,0,0,0,2,2,6.5,7,6,0.5,1,0,0,2,0,0,0,0,7.0,1,,,mqavfx,,,"tin, yurl","mqavfx, tin, yurl","tinyurl, 5mqavfx",,,tinyurl,"tin, yurl"
https://tinyurl.com/23gdjoyj,tinyurl,tinyurl.com,com,,phish,88,https,/23gdjoyj,0,0,2,7,0,9,1,0,0,0,0,1,0,0,0,0,0,1,0,0,0,0,0,0,2,2,6.5,7,6,0.5,1,0,0,2,0,0,0,0,7.0,1,,,gdjoyj,,,"tin, yurl","gdjoyj, tin, yurl","tinyurl, 23gdjoyj",,,tinyurl,"tin, yurl"
https://tinyurl.com/22xhrofa,tinyurl,tinyurl.com,com,,phish,89,https,/22xhrofa,0,0,2,7,0,9,1,0,0,0,0,1,1,0,0,0,0,1,0,0,0,0,0,0,2,2,6.5,7,6,0.5,1,0,0,3,0,0,0,0,7.0,0,,,,,,"xhrofa, tin, yurl","xhrofa, tin, yurl","tinyurl, 22xhrofa",,,tinyurl,"tin, yurl"
https://tinyurl.com/2yxvm2of,tinyurl,tinyurl.com,com,,phish,90,https,/2yxvm2of,0,0,2,7,0,9,1,0,0,0,0,1,0,0,0,0,0,1,0,0,0,0,0,0,2,2,6.5,7,6,0.5,1,0,0,2,0,0,0,0,7.0,1,,,yxvmof,,,"tin, yurl","yxvmof, tin, yurl","tinyurl, 2yxvm2of",,,tinyurl,"tin, yurl"
https://tinyurl.com/23rzdsx6,tinyurl,tinyurl.com,com,,phish,91,https,/23rzdsx6,0,0,3,7,0,9,1,0,0,0,0,1,0,0,0,0,0,1,0,0,0,0,0,0,2,2,6.0,7,5,1.0,1,0,0,2,0,0,0,0,7.0,1,,,rzdsx,,,"tin, yurl","rzdsx, tin, yurl","tinyurl, 23rzdsx6",,,tinyurl,"tin, yurl"
https://tinyurl.com/2379w4v9,tinyurl,tinyurl.com,com,,phish,92,https,/2379w4v9,0,0,6,7,0,9,1,0,0,0,0,1,0,0,0,0,0,1,0,0,0,0,0,0,1,2,7.0,7,7,0.0,1,0,0,2,0,0,0,0,7.0,0,,,,,,"tin, yurl","tin, yurl","tinyurl, 2379w4v9",,,tinyurl,"tin, yurl"
https://tinyurl.com/rZqvD2d,tinyurl,tinyurl.com,com,,phish,93,https,/rZqvD2d,0,0,1,7,0,8,1,0,0,0,0,1,0,0,0,0,0,1,0,0,0,0,0,0,2,2,6.5,7,6,0.5,1,0,0,2,0,0,0,0,7.0,1,,,rzqvdd,,,"tin, yurl","rzqvdd, tin, yurl","tinyurl, rzqvd2d",,,tinyurl,"tin, yurl"
https://tinyurl.com/2cdryg8z,tinyurl,tinyurl.com,com,,phish,94,https,/2cdryg8z,0,0,2,7,0,9,1,0,0,0,0,1,0,0,0,0,0,1,0,0,0,0,0,0,2,2,6.5,7,6,0.5,1,0,0,2,0,0,0,0,7.0,1,,,cdrygz,,,"tin, yurl","cdrygz, tin, yurl","tinyurl, 2cdryg8z",,,tinyurl,"tin, yurl"
https://tinyurl.com/2xosygl5,tinyurl,tinyurl.com,com,,phish,95,https,/2xosygl5,0,0,2,7,0,9,1,0,0,0,0,1,0,0,0,0,0,1,0,0,0,0,0,0,2,2,6.5,7,6,0.5,1,0,0,2,0,0,0,0,7.0,1,,,xosygl,,,"tin, yurl","xosygl, tin, yurl","tinyurl, 2xosygl5",,,tinyurl,"tin, yurl"
https://tinyurl.com/1pBLjFb,tinyurl,tinyurl.com,com,,phish,96,https,/1pBLjFb,0,0,1,7,0,8,1,0,0,0,0,1,0,0,0,0,0,1,0,0,0,0,0,0,2,2,6.5,7,6,0.5,1,0,0,2,0,0,0,0,7.0,1,,,pbljfb,,,"tin, yurl","pbljfb, tin, yurl","tinyurl, 1pbljfb",,,tinyurl,"tin, yurl"
https://tinyurl.com/25aal42b,tinyurl,tinyurl.com,com,,phish,97,https,/25aal42b,0,0,4,7,0,9,1,0,0,0,0,1,1,0,0,0,0,1,0,0,0,0,0,0,2,2,5.5,7,4,1.5,1,0,0,2,0,0,0,0,7.0,1,,,aalb,,,"tin, yurl","aalb, tin, yurl","tinyurl, 25aal42b",,,tinyurl,"tin, yurl"
https://tinyurl.com/25t63zcm,tinyurl,tinyurl.com,com,,phish,98,https,/25t63zcm,0,0,4,7,0,9,1,0,0,0,0,1,0,0,0,0,0,1,0,0,0,0,0,0,2,2,5.5,7,4,1.5,1,0,0,2,0,0,0,0,7.0,1,,,tzcm,,,"tin, yurl","tzcm, tin, yurl","tinyurl, 25t63zcm",,,tinyurl,"tin, yurl"
https://tinyurl.com/2yg9dwuq,tinyurl,tinyurl.com,com,,phish,99,https,/2yg9dwuq,0,0,2,7,0,9,1,0,0,0,0,1,0,0,0,0,0,1,0,0,0,0,0,0,2,2,6.5,7,6,0.5,1,0,0,2,0,0,0,0,7.0,1,,,ygdwuq,,,"tin, yurl","ygdwuq, tin, yurl","tinyurl, 2yg9dwuq",,,tinyurl,"tin, yurl"
